workspaceName,repositoryName
A6Vv4e9YooV8GWByHt0+BrBN6Ur3jH04Nu2hyP9ODdU=,v2uHzt0Cqo0Pb6xGBasKXjDwezDAewBHQ1WQQGDHYB8=
8jVQQl9s5NgL0iod2ZxS6HJFC3sOAFzdVt4q9gJZ66c=,voZGXMfuII0lyiZdgd5ME73iNuJlxgHJyfU9KRLJPH8=
YJ/kndH0/o158aAqntTJ7beUdPiILlPQ8MvRfLrL0sE=,59s30utJPgOLr8Gpl2/muHTSo932404alQXrEArGSsw=
872pl68beSDaQZ3Aj5fKNaVJ/r5tTHIDZYxfuWGARXg=,1RGW2j0rncMfb6qdSGAsUHi93dV/HmIIpDT20L+Y+gQ=
kayzJtac3OuAdpksppg5W03n+2YwbU/ehXEgQPd7vVs=,vVrVsJByELS9dgLcy6rCO6FtFcwO1cLeVvCPpXG8i3o=
M9DNJZEQonbWn4alRyKk/RH4UjkZHaOL8ZhJ1xg7DsQ=,SciO2TnF6RXaO8jZPPAGJoNWdItyscA0wyF6c+zutEQ=
vzeE9EWDc0IM5ioMYImAhqU4lnq3LChBsAFOppHL/jM=,dn4bKGWfywjYh+uHiyaPX7V9vECW+uQ3WMpY2F6nfqc=
oI0j5gcW6k7BGLBtIG8bSFl+4zpsaf5mICjdJB0P0zo=,SsJeNjSi17zkfflWBJ+I3epNAw7K+b8pzDC0BCA7ftw=
rlFmQKA3/DJ/M4v+YQ6/g8S9P8X1ueYF0TVdZEw6LgY=,j9v+IChTzknQS1Vk6LXUJ7J6zIWipgBcAoK/t+PAB2U=
PE0KbIbvC+Wt464jLZDaDf3gqqU8/0EE/sRBqw50Vt0=,sO0uZ5OdYvBvuVHLhgJrQEtSk55zCwKFLFL+HZNdyZc=
bTr+t1Ad50xvWhFnlFmVBmXkCNg0SuTR26o0yKNVXRc=,ySf9AC/CwUCOdLfxVJYbDKkxqPVzEOCemKJ0/018JdE=
rBJBBwX9TcImvbcB7r30FiUsFOwVlpo3WZHwVjbw4RM=,aKSHs4oh8ShlFTXGBc7zWqUomqwbyxjgE+N96wKHJHI=
xE4Zw3c6TNTXoEDjkrbrd2oFsIXPc5fUT5mzZRhCwUE=,Q29j+v9OUI+4iIlxYUCtO0lAMJ8v8gs+3XBndp1jPKY=
71Gy4Z1pIJSTrk00UXZfJVPcLBzpR1oVY63O/VXHkp4=,WdNYLjP3FRykp1jHLJeZ4RMktC8G5WIy+z2zXqeuWfw=
jwMdL90Z57js1qyv+Mn/WGvb0Tfo5mkt/atraycngc8=,glBYieaiI+dMpsxukxO+sI6fZDz1H8iJnZPu8QYxvjE=
FgXVFpoMPABbieyLREx6oKPL3j4e0u+XAT2D3bWIHCc=,XpCjkb5NmYLnv4ShgroJQFOVCNkvDq1uEsreV4Inaos=
+XHEymnTgat4CNQpZrciLid1z/ztsdw2KC+fCrvUhv0=,+vHUUV7BxLSTgcbcXAvmIJDbi4kVnpgyZQKzglzDfgI=
us3+2Dos8zEOp+OmLZy2PbkxqpwT51kK6N4UjABUXHM=,fMGUvTYwSblm7n0JeDP9YW4mWXQgIWf5mAJY82ZwNZA=
3DSiTAelj+pHoki6aIhQ+2nJ2Y0udEraYxLmaLuNRVI=,Y7S9FvGO6uLbXJRHh4XLty5+2xeWX0sR47iUjWmt2Vc=
MjNYJJPRG7vtz/SnrnmHLvlNvafREXEJDslRKYe/Z3s=,sxfxwRL/yVXaIGuaagtEHnDqshWcIoDHJtDmZH3rUb0=
67iyX7eYR2nUu/rxP38VVCV6zskEFDfQ9F16e+c0j3U=,6nEEGRuZqCDqir+gk2XVXbm4mFIKwGHwK+R8G+qvrF8=
KDBt2rLdZuPiINU51rFpdVl+AKMAkc1QXc5HnG3XHKk=,rpIbq+jR7WbBJfPMNEYFpQnyDYHqU2y8TwZR/V5VBMs=
K6kNmh/SY53GM8e4FyMhFmkDvNetJOcDmkfSospihSo=,V17Yx0b6EpJlU2Np3kKAdt6KQM2nOvuOCj5y07KDUsg=
BBnHiiNh3SFwuJhaDkY39hNzA1kq8kaljH8zrNaiu/A=,15glB3aRb9zHVYNQhuTDchd0UOWBnLan/tIAvuqlLTA=
3MC2CSVX+7TdxZEu/rvHHwuMSNTQAVOeGlcfx2PBpQU=,QJQcY/iDu9DZuaWdc+KFO5AU5gSyolmR+2GKTs6MAhM=
GH++4BmUK4oZST7e+cNMPlaqVLjuxy38tgFq3q12KHw=,RSohctNYpZsZwgV+eh1+DWSnc62sSDkDCQC960vQXvY=
qg7w/0kAW29BnPY5MqF4k8Ew7Lofvsusf/r6Pw5NaGY=,5t9ZwTEOdkpDMtk9qj0bCOUGF4Z6PtftdlqP7n8StZc=
mccJvo5ysm/7xITtQoyQedE9l7QTLzxl34ilN48fff8=,QTaioIovD5ZD5aW4HmZGki2IaK2uDaRoYeJkaK1v9nM=
ZKjIbZeoIolQvQNLkh+bUS2043OtWIfhACcNOJolFZY=,txslIueDo1P+iXc8GdOlvZu0ab9k/C0V5rlmW31a7aM=
R5EtZq4q0+UO0msmXyxTt62lWktWtIlibstxuO80sis=,lZk+7uCnypJ25lZ5uuIWMq+dnlLmZemxvyE9cdPCl1w=
LiORDTPzxf7i35GPB7iswzedAnlrLIFwchef7SupKCc=,3rOcJowj5qtppHLVr+O6kQRhmtsFbrunm0Qm61bCeYE=
KUyOJvDWyWRlf9v9gfSYVz1TW+3xDbAYToAl91a+vzo=,HikocdPohYUHwL0bqgQLsNm6FBBCNXDnVSuJ3TTHCDI=
hjomdMFUWkzP0jFdkqD7L+C4Tfzgte8vv+lAS4uaOcg=,jQHbI82mMcxtebMz7/yg/NQvlZ1ZyuoLknscoNFl1KU=
aPAe4ZhVg3X3qfKbqPXcC0ehMff1z2CEmU7tim1o3/Y=,y+mGeAfnCf++YYTcQ5UY8abk7FkOJqzY10g2MsG7WrY=
eqYYp13U4iM+WpCBfYu63Fp7OboeQ4TWb3Ip42VIJGM=,/BUvaBGEPTIRMF8tMcn5p3zqHPtxFUHS8I5HruabN4s=
Z6NenshYa6JOcLEvDfMOcOCkdIMGx1wXyZICAl/8g+Q=,9QwHW7RERoCmfr2u0Wv8GNhbrPhCpZehayFHKWWLRbU=
YyK1lJzpnQKyio3A9+kS+XXaJSoK16pBf+cxkoS2PdQ=,NPMWT7ueGL6EsDgoy+Zg+zTF8FSG2r5sDx5wE7VZ7DU=
ttjj0pRXCvSv2EJxuA+ELGTWXc2S2do/OZGNxsZngQE=,cmTtCPk+aKz1qDWAFPVrCeCN1Qy2RL7c7C1PewmN3Iw=
eHDHxUtl8wAUYMa5ydxx3rxzMIotLHHu0WK9hDjn3Oo=,JqRLvF6q2ofKf51uaCVPdtXgVKFLNFrPqmh9vvAdXBY=
gKJyq0n8fvfJEd/0JF+Ka/o9GF0tSOZ5nXENh/8m1tA=,e43sRcDDFjX49rOHY6h/IbPNehQuRLz2fPN+3oTUAjo=
ZOPYN1658u3D0HTtQxEzhzu2q9KVr2XBulD9gflkZ14=,ghh/b1p3YDEIRv+OP631vJeOXZ4+7ykUWcq/hlbZbJw=
oel49d3o7M/o9KcZCmq3vbLsFW0kMm9ITC4Od6GY+Rs=,xltKOwdbXbz2KMDOuXRIfU2YCFxHrhY9ReOwTaOiQYs=
R1DZtpqjxsJvxMWbErZ64UAOdTO1luUX5li/hSkb40k=,+Qw1lWRew/sIkyQb3SpoPtpIlXXuujWsvyplrp3Fodk=
fXQu2J68XTw6ihb11ve3798QVMnb1VUo74ct3xnWYcM=,Vy/+AmNDyo4LLeoAe1N9WYnFlZEzh7Kv+mpSVHXZon4=
fMhCy+varXogX06kvt06Mek94rHG3MhYfr4Vm9owk18=,0veAUDUCUCRjvafZzwc+7IKGXHjNtp32PtBYGwLa+VM=
yyPcYlkWA1UHKJj1flKVogi0JnkuqcCtYpo1nEhNkp4=,Q8ahDQ7JOASPDI3qA+hFLE4RyiQ9UQxT9/7ePK6ECfE=
U+SC5WbDxPKi8ixKbLr9Euclf8NS6+UmllZYpHXGs6E=,SnCrdFttoE0CuwjQdn34UqGB9CjYODg2Idx26tCugVw=
RHN8dtjJXYsYKB9aN+qMAdILkc6B3vIWp1r9L63h3dg=,wfnJpU3WFCW5C+HuL6h5QhNlD83QciNZ9tqmfmA4ohc=
8cSgrtdsZojGcPOjg5Bq6N+ctwtW9/YO9IUOqy53dzc=,QVVnnd1MRQviyJwmdGrNkjV3YkPNoVf9tlhsr1FRIL4=
9AVOQl7UqD3W86LybXeDltyPRufp9rvoYod7sVakHb0=,EUxP5G58os8s+K7vguikA6C6iuJLyDZXorFuUtFz2LY=
aENY4TvCRKwZkaMpPi01m8N1LjBpAr+aGpJ5i02Rx8Q=,k6Ax0pRJvOh8Xxyx9AJeJ8oCrk5SoPyFamBzxGVpbNE=
1XUd5l+fOK8ynN0aj72h7m9qBDw2dQn9wLHWnwUUGzU=,+1IOcMTfNVpOV726zF1YuwkaKTrgzmaoXwDfTYaOFxY=
7GLTY54fMCDGdonTNnuQtprDBxUFH7PHtrpjo2rSGIk=,BLrteR9Y5BQw+NrT0MRdg8SoD+guIAjgBVg3Hj364zs=
uBAtjy7MgQ5qg8HsGvA5csD38App0D4ljStEaLx3On0=,gYNgJs3xfzGGTzqRnudEKW27I356GAsDEWlVjdgOcec=
lh7tljXGKkPxuAj+Uj4CQ1XyZzFm6AJwljhSCZylVKI=,kOIFpve5G3pa9SEkQbLWxYmt7l2XKCyMgWIfQ4krslg=
LSzdwBGd9Kau2//4FqDBjlQ0FBJYGNKLbGPX2i3gBIs=,UazmHJBnYTNtyQlacW5+UoaMIs3rW4zN0pz00goojnY=
C33bwjPqJLcfc8M5UzDNkwSL5c/ia7KOw3pG85eYpfc=,EtBQY3WtwMFmIa2fqWFuc8EceoD2+BLJeQNYRSnC7io=
E+XWBwG3X1b3xmi/oWlzKtU+oUN3pJnQyuksdSiHlzs=,bNIFUkTJeKUa50L/XQi2RV15RGOE2yEHK1he0VuY89A=
rBRxPB1lojFH49R2iJ+wiiWQOEartyRETQ/FgUA4iHc=,UPiH4i6Urso8X8rBgsyslM1uasXERhojlSIguoULr94=
SOsvIhmXE1kQKxvLZ0WVMe7Ce53j6giq07XVV3suQPs=,cZb3bm9a0IagXc+x1djg1o420hF7mMTwoV8WqlbbNRk=
GmBJhqRj1sjmnh5cVR3HDv8Yp7l418nSUUWMAhTvwzw=,uv4VjSzSfxmalqapwdHUTaIlFmopwG9jvyVDm53xd1Y=
XZGOqsgiKexAyQw2Ci7CD3XMvPNyDBVloMpoxy3z9pQ=,DDsHymm1tcZMTKoq+SE2oxXiMSvnus6B85LaYSxbdXw=
65jY3jjE1KiginYTEMKX8E6B3w466ibt/9TYQ4tDMRg=,tiMwLyy+ZWWaKRqk8NGzHOz8HSOK0l7ODqjFvd5MlKw=
QhPFUkIYREq97acqeQYD72D1nmsA2MJ2JyQ2lMo2ha8=,qf9rpRF2pzAUSZz8dS3e6RTBKmiD4k6XsRuk/G5YBgY=
h4eRB+nNGIyLC6/kov7IhIvXX9yeBkbd6MAieMPBW24=,X4L/AP92r2OdSPQ1IDpk4iV5lZ1bhAZQES+fu4Lv6q8=
QPRTQ9Vbc1gMV56pQ7zYTVrH2/HcXC80bmIn94WdMUE=,ayJJ4iLqF57WIqVkKuRnvA/IaK4EDOc5/sf/J4qfKAw=
4OlHOgQjrPbNLEbmpWEN9NHpP4/Bb/tZQc7EOLCCQ/E=,gWcI6uHvALFi/JjPatGrNEhbMIkR/fjyY5KbUj118JI=
lLUs935agsA0Fc79D4DzMKTUH9ZYlfSxEE60omLDJ5c=,vLy5y0fKgLC6rfKYvEJ7R1fIRQISXgIlfN0RsZ7oVME=
+xb6Ldkb7RcShcxwjPG4V6Oc0TKQ+aRuhhVLs7Q3KQM=,t+HMQNPWquaiF36gNuXQ571nm5ntB8TXbQyCzEWRkKM=
VRdc3rYgpKCrnE2VG6iBFT3mRmU/KRyXUsJ5auFdqtg=,+KNyKWp1HtGkMGwr/H1azxLuETBxK1eLy/GjkpnV9JQ=
3BgYZz9hXjJvmkCgxZ6KsjKRPZOaKQSNf0E1wufm+GY=,z15Op+nVG94AA2Bub6nATFm3fsM+GdREO7otUecVw38=
crw4UnIVkc9DzHL8ysv8LMmu7TzNaDoE+FTD5vj1k58=,Alavrr061Ixe2aDHP39dMIBtq5Lcc5Uwy3Dh2DOkcOg=
xoN3y5aqeayLj5OpvrssF1BwC8oHJrIaPYWeFoyrIG0=,s9tVwpg+4+C7MyFMYjzW6xkGF0/B4YGJOzAl4PZ395s=
a29Fpmim8RdWDARkwqZiWnAFPw6srik1HYVNRNfUin4=,N7pr2jVLXmj+hzz6/IxVSH/eLAiZp5SbAnXc0wFW1Dw=
qGX/cwimyq45RzC6Auc1xJNlO/mz2O4EDQWZf8CPSow=,90g/+5fxtS2PIXi9qLbcVqNuz80mmIsN0IjRFAKviY8=
JCQGnuM5D/wNo87NxWmswI0T2b2taAkuGZ5LXn8HJhM=,vcSVeuS6MUMl6jdRVHOK/w2pzxx9ON+4tNBuT6JwNCw=
SMaiHbtFkl3UBYNlGMf181/OWpW3XJYIESUnR8P8nfs=,IixwlW+mT9GdQQa5AjKOhiEr9ZVtmT9TvNJz2Twk2gs=
YLMGfrAg9tWaleEhYJv56rCP19xiMKQHOeoKdNJRZ8U=,r6pFdAzLlPP7V1l0osbglEVnBYzq4Di3CKtedXoFCSs=
DltiGkm2GLHPv6hM1a3TR7kPYC09Jn74kjeCsQ3sBdU=,SFNjV0Qk7LEvhPZ0yVOsz3a1oCLcSvEB4CfguGZGuGM=
nXSJYuJvAA1hNIluFjX1GIFEqqBlfhH9jvxuQ/o4a6o=,KkGISmUPJzCaTS7tKA2AaoFv6L/F0Z431PGWiFaYKDY=
DUoJ8qtRz/q+tuEFYDZI+EsiTLiKe0ad7ruDMCH3i+Q=,wZYP0lsQt9jYxdR1m+O3m//U6gAu1O7ss6lM9uP8URg=
2kapQY74xuRAnfARi9gJ5w/XeHRRSkRqRY35XOiFJig=,iFALbBq922BZde6T3059bcqLHVv6oh25XHCAPaWZLCA=
PdCadO/Rwa6ijMD/df63kmBwsdQAte48ZeKwwPDQors=,+KLJfF6aMOhkNcZOJ7Oc/L/ZjW+npuVcB7HBPEi4oKY=
9EMispppioXgqydaceqJB07Rhg0qwfv1mko/Sw5FtAk=,dIEcj1u1aDGmSLHzTuynFVyHpi0isIhtL/esoKaB5P4=
0nj0BuyptebI/QQe3PH9UEDTSxAvox5S0dOwPA/8Egg=,dbZacKXR2Cc+82kI3RBybgjgyERABkPoqnr0Rd+YqaM=
NqJS/1mFyuLfFJpthshWyMhMXDS1ugJDhtjO/3j4xd4=,FyTtt3WA6bFQrfT6zew7xUrRaEAQFf8z6iBXWJv0XJs=
vtjVoXX5/E4HjB5G9+EfXDFyuEPfljVTNbemocLHpT8=,Kx19Sg6iBNpGI/8Johi8MTHmYb36PDY+8GsBGAG+kyI=
zRj4AmYO6WNZS4yEddHNn9FukzPRfJvCXu5ETGJGIo0=,KdtUWQzV0DZDWYL+laWysbfZeYmxqocboHqC57RDaaU=
YRnQ6aV+g7kIJFtPaTEfen3jzmdE3cBR4W56CgtslT8=,wlWjnkQSYagQZojSmx3LT9q060I27Q6SG7eLqFiWBzo=
8S2/WV5VSybr50tXRqtlRMALAjN2fcKTUReCTZ09OSc=,rrWOQPq2YDKKrRMElbr05iUIesDJtj7YUNhT7Bwa+mM=
V4CKfDi54rFb4YxuMBOrBdT1QHFCf9Wt6yoo9YEw524=,ODkCyYWI0blLbZfldBZln5mzOt5YO4+q6VedL0Ad31w=
O5AMBAgR2LzO/MgZWDHEzGu9DXVf3sc3hGzQ4Q5GYwU=,erzDqE2aJoN9yDYbjWZswN94diB+KUpgDgpniUHkQn4=
k/LQZFgZaEkOYEAaE53zjUVIX7+cYHzIX37WS8Io/YU=,RuMqApg3iuwT+RZzqMNHWY/6sMy2og4AszVmBqtoafg=
GKooxBGSC6dFewTbiQuRaZAmiIa4YB5HPiLLiWCdHGk=,zuL8gS36xvvKhklcZESf9WqG+1REXs1NwnKynEoyHlo=
y/xI4O1onfPYlve7fCSvqtOAqsTcP/FfcOUdSWQssN0=,4pvlrF2FDO/3TeRoq8wDraYFj5meGsI4aU0Kr4aMi8Q=
lNY9yEmxkEfnwZFitSlUb7ygUcxIf+73ekktlbg8Rn0=,fony7byM2d0lrQA0/zEYgtDLjVoaNqQuTmWU6a6UUP0=
5ln/h2S/FVT+zq0EKB8Qsl90SaecCoH8+KNzOA8Vcjk=,4MAVSeg0WTSBBrAcvqh7OEasujJnx1p3EUktZmE+y/I=
olJBrJcdLHl5l+z8tuUF7Nl3zUca6KJm+IkcTAZWXm4=,64OTqnFk8b4TTHSOGNC0fL+SSpCCDpPaLofjdtaAM4g=
PQGurTbINNVe3Lo5PYTCcTOjgW+bXPb0SkLwJ+aq3Ak=,wstsmM0sD71mjDV94M12Bsb+PTMr13/5fEJ7Zhr4Tjo=
qwOw7oKJQ/Eqgli1Rwqg2CMwgAp99VIbaNM0eUiwp+w=,mNAAWuFTrriOGSzynjtx7O5mkTsvTOcTdS4KpW2XrkI=
/RtXiY6H75f1shpQaf5d4Yqma3hOidEw5qsnTLA6uqM=,+jf5vrE4Vsj1B4Rvva0Tz11+6Dk02TqHysWQfdmu6gs=
EFUck4bK0qsFJZw2/EXUcpIwHtp8TMJLI9KOwAIWczc=,FIpuLT5H5JPJ7WCTSFct8Tg4AWyEKqfOzXU6CWSmXKg=
TE2umIizd6G92ZIsOL/0Y43ByG3h3in9ta+ud6lLexE=,yKVXf5fFnO+TUZzRZKytXnnZZt5QBoZ8zJ5WbDBmYmk=
B1a5JQlbGeLfTzJRlf9JqJeDT1FN8O9ClqvI6KeSvdM=,biYrozKM/O3ik+E/tiMXe8dchLBJGps9KxwZp7RSFks=
70uDn91HL42aCqZsQ7LvyR1No23Vef780tV+HQrEI7A=,z6s/3iqAkBeAdoiA6DC6sgYxpg9Tzhge0sEAHKSgq6Y=
pnAFiG+yuQiZilYYSfXp2loLCWR34r7q4oUCgX4z0LU=,Iho38DX/4haJGFEdsnoNBlaGA0SxPjAv19TnmYSE/tg=
bS/sw5KQ60TeVD2zxWcbG0klvQqa56RJ5eMO1Xc0e1w=,3OpfStqsoasAPl0+/MbsjTTDG8eDPNnMBtPTkmY7mhw=
Nll7jiyvuf1566bJA95XklL43q7u5KOijk1T9oFG1Ik=,Pot7G3TxZqVj814jh+gBzRM4z5A/rPrNkWf3kZXvZlg=
niuW2NN5XZTjjfBgvZXYbW4bkBkpbxy7nSoLA5TD14U=,usna99im9wh1Ig6TjVjJTFQQ1Jl1nM4j3uUgiGwN6x4=
Q+eR2gTMImPSGET/XWTC6tOYNGISy78PpxuCrFjKB8g=,a9jGKDcVHRNMGlUSxeFgv50tlmET/lgwBsNFAIWpOb4=
QqxsRwZMwr3N5/UUwVcmT84CHTGTaCgrRu8YjpH/q08=,ThFZMyrvfa8MjRsET2/NQKqyqAmRi7bPkf4qlaWsffU=
w5jEISkSrQ4GTigbaxzU6ra9KcfiUViS9FqG3syDEBA=,EC0TKshVNePf+2HnpxjkkonVoJ5xTwnu9zfEDpXP6Ks=
KkQevJgXabwqEsqwh/E0DZVkUfw3R6sSNFU+tmHD5Sw=,BCRX6TIc+lQxjmfFZwc0zNliLvUCpaMRSWV53ifBZTI=
rARClaRJPqCK5bqVEbiuVUujIDFH24FXh41sS+hqM8A=,LXJ+qiYGZp8t7Yy19lraQLfMd3KpHOMEHjThG4R9qug=
JrBxPlChuKx729B7I5I2NLlQChih8y2x2a0IEDQBzUc=,/Xvb0grb6+HiezjwQfNcFzLSegMHK62o2FLFcb7bZq0=
WvOIvnVHdR0XiTVqQ0WvrYS1BbvN/7sKmBf6+gSr1Bo=,EJxXZpJ9KZFOZeAeMbnJq1fnzBxqQVlrOOpFtrqN+Ds=
6VfHTdfhvzZ2E7Fn4064SrOSJ0gUH9O1jH4N4qsHOMg=,gvbMPUTi2nD5SFPaS5Uo0QBSYclu8TWxIsfz/3wyvKE=
jf7XOQoUcNZhQmWiyCZW9GEbNmz24uh73m3fZ0e1Ers=,mT7SZ646+phwM9UMIObBsuS8xZ05lu0RA1GfDvXKG5c=
i/f6saWMQdS/TLmFvYdzn4AXFoKSaQp4sYXWrhYpIZY=,UlbMzcoZ3hqcf2g7oxQsT7kjIe8uF5IFaF49gUnz4FE=
scKd4ExMDSysR+U39hxu7QPcmoFfhJ0BwnAxtV/J/VY=,rRjPAkhI90jpMYePAKVRqfABBHWR9xH94wQ5eldxV8s=
vilQcMmd6FYK8+Ra/KqDxQOZ5mepyvl02jDXjabihd4=,UMR0aITRV0dvPdqDyxc058j/RfHrKpFZ3HvpuOl4bJQ=
cFgZH5Qf7DYqDqhy0UnXXI74gw/Vnoy1GMSs3PxM16A=,KZE/bOkbIkgoOWgAn6+Qv3uwGTB/KwIxWyctSRpuTm8=
HVraWSu0jBCLCQRz/FEgMoMEwNs8olfQqBebFwXj9Qw=,JI8//cZWWibhx3sWLn970FftJK/9c4mxLXsB0iL/pOw=
ReUPToyhw0ZkiP0VtLjnXgyO2vhrYTPIb7TannE9WNw=,23Pr0HzpKCp7yvX8t18sUc3fsGmt+GPFOmTLhRY2SfU=
VkaWVWEGahMxz0Yodj1OdIo67jkydSpT+zq7AdjyI8g=,NXclYSp18reBQL+nJ945fx2nD0X9MdY82gfEjyAWZX0=
aRY+G6vJN1Bh+Hbt/a+6784eTs6QqHVdlDZeVnoqMYQ=,YQytkV+j8+OPXaknO3QLCouXiDKJeYVojRhSDi8PMxM=
ntbEz3EiFHV0Vp+aEBAyHsDItXpk2uiQ9+WfEb2vyfQ=,tuNkqcheMH4xdak751ypdHFP4/1/xBnHqbDjvWxg2pU=
dOLuRmbsklqXq192hgm50/Z3U/SAKzcAzT0p7CWuxp8=,S9jdSOoYKALr1hz9XityJXRqsjvatoUYFNntnP3iS6E=
Tt9o4aARqfJCD7p+nl0/XAnV3ceRZNXRznwAla6UAaY=,7TIPRnOC4p5ZEd/yw3L4ruJ7y4K6F/rQB3i9H+yc7QE=
WjXbgk30L/1R9Te1LcPVjJkStlNHuvmWwL7k5k1qdmU=,qwJ/cZ4XyU++XHoAcEi+uDZa91uM8Y7+1T2PZ45ZS4k=
1riwqYaLlZg+4wp14blBWbKTJjrrPtqMan8C+kOhgd0=,dlW3ATLwpbjsIX6XuD9B6s64Zj1NTxVxyIuIDXW/XmQ=
PKy3/1x9yp5HsDwt6g1EleNCQOO0l4c9iPUYKLfAcjM=,OjVWiQNBAArQkeQZJV0CJ6YCOz1e9dQbGN+Q/uOjKU4=
npyqSC1EC+gc6eer440iPdR3+TtFINHP3vx+/1xxonc=,uuW3mplECT/W1ats9V1wf7K4PFDBePQasmFK708vuOs=
qvnwFkEIyAcGJXbYAmwMzQHAxNSAufG6mvnqgJ3KrU0=,ArbrWnRXKyHJtwXx3JWzTuJqhb9LWjFOrC0pd7mGg/k=
54isxbadPLHvn1pl9Xpoeqmxox9/+UhoUxVwCwOtCkc=,VhuKVwLlrCSdzQSvk3dLHWDomzxyApdIIlIV2x9qX1M=
JnzOwiBV5yyPRcjLSR4oVShup5Ai7qop7lDAGx66AMY=,sKKfTHdy5LjceKXhFkJpOHsazD+aFl0yc2ggj8SnfwY=
Q0OzZETpLl8JQaL7KSiHtTA9Ru4n3H8e/KjojjZTfrg=,KUE6IMmUF9HIgYsvxO/YNwmMO1aJmhibrosRNeFQF70=
PAuG5xFS5D/sC4fU4SbCp3PNCWkGDLF6d5mH5HhUzyc=,dcMfUindjVSyX9YmS9GsAuzQsixbS6C+XXBsrSvEGYE=
ESmW74pqw7H8aHt5KCwbqImuL6JmwDv9DEFUVDzJQA0=,YrXdLUfanD1YY349hY6eT5fJYwWiKsyN6KzY4EBUJJA=
NUwuCJ0KpHfUpmwmTqSk+0PnM2GvSnEwr0P1zMryx/Y=,QmVcIsOg/qkIYbvZOk+w5l29DBttN/uLjWqtXkeWGVQ=
HwKHc1vogMuPIriKtZicsO+iJRUm0M41ZPr8bJaoNPY=,NAebQ2UcA9QBZZxTSJNugYDeMasS1n73Q4ZAtKoiEGM=
c6D3LsIOS9FcMxKZSCFxbi+YOetTQSZtSQCPvrvEhcc=,PVYeg0Tc9s4XyoTakORo3vTqmg1l/wv9xEIaLJ/CTLs=
Wxx729OItFhAk7FiA4zg/IsSkcVzA32cCYL0RlIoFCc=,Y+0qlaBXr9kRVa6B8rJvHbK1bFkSuYSWvIPoxcZJthI=
mRHygjidC8uMkMX7RGghBrWI+tw2iahiuvkPiVQNOU8=,JfmfflhitGw7rpkPEnrUmDl+qBXXkU5eEjqlI5b350A=
HjCsz9SAe+RNYP7ipCf70Xy/ULiivEhkdI7lg9NW8uM=,oBZRfvvSHjkK8NUjdxxwHIKFL40txijVmSOsV5IwWLE=
7QpQA8/pJbvf9i5MIJd7p37UHWGREtoKcBSg/h7h+xg=,NtCd8cGkVpMJRvYEWzB+TjCtgj+dxEs1ZZVCGDqqXL4=
nHBgDTHWfEl2ogpY6YrNdnitthBHZ4PqOyQRJww/0Rg=,WM4/Vxwrwnxl6IbwKOz2GqAH8SGxR/jK66u7kVtlrs4=
oqd4Hafa+SHxRslvMlEMc1axxSifcDopV318xnKVTR0=,hZfgA4cw6Kuz4fbmKOT86aXR4zXil9RE/BYkBU6z9b4=
E0syWxJ0qdI4NZBRgA+0nsCihiL8hf9ykQiZLcCUXG8=,tAVJgY5j+uJwMIvpTVedtiY4Vfvek9FKHy3VCuwC12A=
hJqPB01DhM9SFBQYS0pF1SUukfas1pUEafGKwZ2hJg4=,4gIW3/QMaRotk22/lsnFDWJGhnyKMf6ER05hdeN2RGQ=
1VRpLXgAftCeVZG9biY8EeGaJnrCE5StqgzDzhMXd0s=,6YtuDRhdtoXHo7oGLlsOMwmq65eqrdWRWdLhpvAvtsE=
0XbhcIPfI3lD8q2uk9+aeOGdzuhX0ktOW4R5pJ1Gyu0=,gOuOWtMuPI7B13tRu4KAcDfW2fYjADAJAYvhLoe5+e8=
ag38e6mT9g2lHi0cujm1y1f1npWXdp+8z1wn/9wYK/4=,auHfPuZJMVBMFGw6qN+JZYHTkkUl8kjMWuQn5b2tODk=
KD1qCjK3sho6ak7jjhL61xolNmPL/urm1vevepA5n/I=,EbAyrY45IkNCB0rIhAFptsjLY20LIrm7E+IHjvkX1Ko=