domain,providerType,usedCount
hOYJmZ8JMU0u9m65ou6WtrdaDCwc4vzqp4FKMDOa4LvtICC+ywbFPw==,PRIVATE_BLOG_NETWORK,0
Hb33KHVtJTI4C6UQWZOMB7OfB+60hC7lXUvvEd+89OE6fsbe6gc8SQ==,PRIVATE_BLOG_NETWORK,0
gvM61eL2+gigzsCIYRSo1hYar5wSV8zYCQFYr73XwoY=,PRIVATE_BLOG_NETWORK,0
2zSCd/RQXqD2CNiqSQ97cl7ittGhOuuxFuoLCrWN49jNFyB5/IVBwQ==,PRIVATE_BLOG_NETWORK,0
07Et3KmaAhhwlZGmaH4yWad2ZphnzHt0SLjRgqfjGNM=,PRIVATE_BLOG_NETWORK,0
h6lTlnFjE0KG1VNaubAeCru5wFzeJoXKhSQNs8f6u/WQp44OkJ85Uw==,PRIVATE_BLOG_NETWORK,0
KYwp8WWa5DSX3N7i0WQX69LvVqobyjBST4Jq/pGdlds=,PRIVATE_BLOG_NETWORK,0
+VL+Tg7iL2YvgUQK+d2unwHubu0i7ec0VozG9Tj4mdLEPvMuvQyD9Q==,PRIVATE_BLOG_NETWORK,0
NrU1H5xMV+hrAxe4w+r7y7ixM/Dcp0JjIlcBG2KQPGs=,PRIVATE_BLOG_NETWORK,0
gOrIuLn48q5UrLhyUSAeBgBcgCDy882Is44TsA0DtKY=,PRIVATE_BLOG_NETWORK,0
nAaAcSkLyzIpsaed1GayIkinFetcGQ6KJgTuapwor9lHcAH+kfizyA==,PRIVATE_BLOG_NETWORK,0
QxRZzi99w5Jvt7CL9ClnP8WNujfKcSr75lg/4SxBDcw=,PRIVATE_BLOG_NETWORK,0
sa/mzaVwdMxF0oC+JG0C8SA07AKwwvmeRUO1OcWqDCA=,PRIVATE_BLOG_NETWORK,0
JijCH32185+f0yTLyqISea5d+xJbZgSwKPAKG0WPOxYIrkCQvZNyAaTTctjlE9Mi,PRIVATE_BLOG_NETWORK,0
96poYy8X1IjDgtgWg7oW8mEZdLIjW2wu/ep2QxtR5GHnkdoqpuBpNw==,PRIVATE_BLOG_NETWORK,0
0vyOO0PSaMWBrRT7++9eV8gDifM6o3YYmfpldDe+3DG77rzQS9TGyg==,PRIVATE_BLOG_NETWORK,0
kwi76RXib2v9CY4tztHK5xApEAYd9QPVOXmTiiV07hSmkC/8iVG5+A==,PRIVATE_BLOG_NETWORK,0
njvukglsLvNUJIyD3v7vhcGWkDMM6NsVXivROSA9WtzULDKio14Yfw==,PRIVATE_BLOG_NETWORK,0
X6YUsnPZhwOyXeTgMBR3m8dRyx2ZHKGtymXMnhipVt8=,PRIVATE_BLOG_NETWORK,0
00C1jPQREMhN9/5o+r3Iyzm/uupdU7d1nT9pJ75czdI7XV/mj3p+1Q==,PRIVATE_BLOG_NETWORK,0
5sDJG5hrvaMRhAO3v+3NKd40EgEz2g399yK8+qqTupm649coTqCqdA==,PRIVATE_BLOG_NETWORK,0
TpBPm0jOopYqsAWZ74LgG6AXY0XGx6n8s88HKKzLhTcsV2f7mQlY/Q==,PRIVATE_BLOG_NETWORK,0
cxclYPhUOhPbLG8nQjfEha0CfoUWEN65bWncKyr9JSPC4gYE1+oVgA==,PRIVATE_BLOG_NETWORK,0
44N0ppsHg6b4m6e/0RyLD2G3AJEJKCiWucY7zdS7Mgk=,PRIVATE_BLOG_NETWORK,0
Hf36Si9REwlMaXPj2D1COcpM8Rn+Y1jYOhyVhj/FdcAEyc5kz1bw4A==,PRIVATE_BLOG_NETWORK,0
1F0YDYcfzGLbflZiR2i6YvDl5rDb1dKLvcvW5OmvlXJEDzKELlTwvA==,PRIVATE_BLOG_NETWORK,0
FTAbJTak+sb1EOEh+PQmHXtOTRW9z1qLTTFJQicH4wg=,PRIVATE_BLOG_NETWORK,0
pCGOWBKhBX7zra2YL8tZEFioYe8YPezX+AQtzifNlpo=,PRIVATE_BLOG_NETWORK,0
hVtRuM7oGQQh7TFoblPTVBmk0H2AYVKXnDdy2q6EUTs=,PRIVATE_BLOG_NETWORK,0
b3ctiBCDPpuNSblxm29vnQ9Ph9WiVhHrxtPl0g3zdKacryYfKrCitQ==,PRIVATE_BLOG_NETWORK,0
AXriN5lalPLlXeBuTOzk6I+220OjaNT6V8w5WRT2+VyVqDIPNnByyA==,PRIVATE_BLOG_NETWORK,0
EEQNOzPBKZLjq1P/Du1asEBG7Mo/1FVXPcOmGAqLHNmjtR8ejldsjQ==,PRIVATE_BLOG_NETWORK,0
824Cq09QP1vduoMFEl2/9ZTEzn/FV5hqNfK3vqnXDUI9MLiabf7VQA==,PRIVATE_BLOG_NETWORK,0
HjEeHXxbCWjOemth8bvUNncXemxvOpVK7V5cPnyfbh0=,PRIVATE_BLOG_NETWORK,0
NYlMGAlTHerou5e/GSTD7uuctIx+S1R5pXcyvl8UNVk=,PRIVATE_BLOG_NETWORK,0
oCY4OZq7QcSgXSuc06VTJFHGFdgoFVJ43CTJKOuD7XI=,PRIVATE_BLOG_NETWORK,0
cILWLpCLU2YqjNgMkStq2IvHid3OYqDBjuHO61VAios=,PRIVATE_BLOG_NETWORK,0
SzqGLlEylBzPii4cUr49uERUmEmTdJZdoApoFZQGfsRtD8OpvzN6xw==,PRIVATE_BLOG_NETWORK,0
3CG8RLavASWhH+cBlqaLU9uh8kfvgf0i8XAbMWZN/jhRSDppwsQ5nQ==,PRIVATE_BLOG_NETWORK,0
xcyWxcSIbHEiT5cqL+bpRWwFlx//JX9C/hWsjBB1nxbALSH3I+39kQ==,PRIVATE_BLOG_NETWORK,0
75gLNBge72wjGL01i5KmsfU/SGJIZhot7H8OqfpH9D0=,PRIVATE_BLOG_NETWORK,0
n9ExZQqca/Omg9aJNQxMxcOhVK37lj0xTC7ZAhv9vV6Ke2EhoUJ+Rw==,PRIVATE_BLOG_NETWORK,0
HxbZH/9u2tV8JlnqSvQh+cEd3UrZho4ynNeYJVILxY/cTMuGrLNHNj8VMDhvBfgr,PRIVATE_BLOG_NETWORK,0
1iACUlXGwaM64la1PC1Kv7puTtPXUWM4/vWEOZZmPkFMXSiSZl58iw==,PRIVATE_BLOG_NETWORK,0
Mdnt7wNS3OZEfamrit7XD/oAVDUnBbW2VkQK2FPIEN+ZI9EtXMHSIg==,PRIVATE_BLOG_NETWORK,0
Wmy+JmkQwA8cXC/0yZ2HQfT8plvjd3zHcPtb0fcJyGUeZItDbzCYuw==,PRIVATE_BLOG_NETWORK,0
61JUQCccVaXSJW9dZsb0D7WUJLEN4mL34TKO00iNkP/Yk5/SK98xjg==,PRIVATE_BLOG_NETWORK,0
vHr9HRw0RvfP8u3K9kXx5fiEa11nnZPWpZWZMKMIcvG2UGZWtSyIng==,PRIVATE_BLOG_NETWORK,0
/fOl4w+/rOwrKOp52rc8vb11vUPWceh1xnE0wc4bk9yqq0ApOP2AJg==,PRIVATE_BLOG_NETWORK,0
0C2uib6gm9UYnjMhqtUdyth1KIQZobXdZsczJVu2HArib+J9Iiz1dw==,PRIVATE_BLOG_NETWORK,0
Svlc8tEqsiWNCO3cA6yQR803r3UzaKQO3F9DR/oanEg=,PRIVATE_BLOG_NETWORK,0
YGjaSvbVy8y1jUheoePi0YxXMwOL6i67ECzQbsEouQNV9uSLpl5ryg==,PRIVATE_BLOG_NETWORK,0
4nbJdYw8z6lWlQ4l62OyMv22y1Jp9dRDFVVNIwjNVho6oXekCmkykg==,PRIVATE_BLOG_NETWORK,0
Sm6al9sb+YuDxIHrroHBLrz8Y+Vs4JST972P77eiaEI=,PRIVATE_BLOG_NETWORK,0
VZHv+5RIicjI5GPSHSf9Edd6s3ONWosBWXMYzdExwer0HLjX+tEblGkrxMjymkNO,CLOUD_BLOG_NETWORK,0
ALk1aQReUX0f01cVLG3Z5/Ipv2FiqXx6bt2LvXwH+j3jWWzc2hFa4Q==,CLOUD_BLOG_NETWORK,0
OpeGUOfyxDOj65NgpNtW8X1HVxBVcLW6zUCJa8vEZ6tdX2HQpsTqAML3K5dRX0X6,CLOUD_BLOG_NETWORK,0
HdLUImSkkE5JsIzyDWVGQp3FfTUl9mohYKQ6sUOib7Rgt1irYERZpQ==,CLOUD_BLOG_NETWORK,0
9SpI8eeTA5B4m5e3ZHShV44v+4zdZiqaf49l38bKWIxvtxhqojh+Pg==,CLOUD_BLOG_NETWORK,0
aXfT0D8KqsNnoWLkQJaaV3gbBn5lBJIIyuEDhp08wR2netH4RZAYiQ==,CLOUD_BLOG_NETWORK,0
n3Khwa78fOnjwWQTOFUXJmy1zpxyYvZ3EuAEAKGDpzyRVMhLiCboCg==,CLOUD_BLOG_NETWORK,0
H0JW9KDHHGKPzXV6wa3EAwsP5GLvvhiEIUsXcUpKX/Xe5EBrl6Mj7w==,CLOUD_BLOG_NETWORK,0
UduREHaY0p5ttdImJfQAkaDKi7UuP52bVQYnXRvcUf5yHUBtxHKLlg==,CLOUD_BLOG_NETWORK,0
S2Ig5ZeGTvjkGQJ+pCw3jN41WaMg86ch7lKzdB53HiVU1ACpwkpvutwKjiFIxptd,CLOUD_BLOG_NETWORK,0
NWQI4LLUUweYVgoEcQssCkBqwrabm5CEuFo/nm2s18/xkOBH72+g4VO3m/NjXsaD,CLOUD_BLOG_NETWORK,0
k+s8/Kz8bUmKiZfbqIs7wDdzHYVNu7ljLw36EQ3x5xeJrAUDzwBZy47sEkd0Il75,CLOUD_BLOG_NETWORK,0
Gckwicx74IInLInTZ2UL2f2Q1+4Q+YCssAvG04BS4nNYVxorL4/nSA==,CLOUD_BLOG_NETWORK,0
gKdjvYDdYikoMZyQhQnsFj3NMBDt7TXyia/FRQhCZWUeZpCh+cLxrA==,CLOUD_BLOG_NETWORK,0
/2TIvPNgBgs6HLgOCpxXB7R1uf291zhjGOVKIMuHWHH1f0kAwWm/rA==,CLOUD_BLOG_NETWORK,0
sWMs/+Ifov9+PsuacYA1aK0Tnw0eB+Tl9i2gtswehni/PDm4pa4G8g==,CLOUD_BLOG_NETWORK,0
bQaj7NfdbqqHlvPiewX2gHIV1+jdWo4fmuFrmy4iqF4IvarJd7M6Qg==,CLOUD_BLOG_NETWORK,0
aF5KGBcQKBZs9DQ0XRU7tcbWZCPnM85e9UDO4/WNUErIGk3zIjJVtg==,CLOUD_BLOG_NETWORK,0
VnF+W49f+dKWzgPpTQEBHR5mnSQcRqVN6GWwoCcv4+lPKWdOcM2HGBIM5fUaV3BZ,CLOUD_BLOG_NETWORK,0
3PAJyG3QJmxVwmoqp7lepGADQQDT41iVqZa4MM1RWvSaZZGg1Khuyjs1+uAacBXd,CLOUD_BLOG_NETWORK,0
95qj1samvG8oR1TuOtLZh+1g+JYLE5BjEbCCLVMRi5/I2GIwUKoxilPVwUi7q56Q,CLOUD_BLOG_NETWORK,0
9JL2dtj8LYopr4A77LibrmnuaTDLKMOknUUc6jcG3755vae0pTg7Yw==,CLOUD_BLOG_NETWORK,0
65ctpxAtpyOix2IYJ6t0O7KOkA9YfcpLDeG60zzWZxXyfHQ7oJ3pkA==,CLOUD_BLOG_NETWORK,0
0ywvYssW6h2/tgYVfEYHJNlB/Fsd8TYi4WJIiyb1O2ZeXrTNbk1lCbdh9vZLOsrI,CLOUD_BLOG_NETWORK,0
axQSp7Jp96PwgFTNn0b2CeYiPMVuefp0mZjBAXcD6lItQM4W9SFsdyVc+KIYSfef,CLOUD_BLOG_NETWORK,0
Q7nrrRHaQRb/08nCvxGIPt75XXrBErOr0TUqJMJiDAawdK8PP0gIjzbsofTENKBg,CLOUD_BLOG_NETWORK,0
b3sBb8BkunzE3RnRU0IBVfUySHaw/I9pU+MlzRdWT3Lsem4wa37QYiqOtSSwIU+p,CLOUD_BLOG_NETWORK,0
stshKzUVFeFecN4g7znfAhqfejVss69RUxRJp6GcP8Nvz5vCyBZ8KQ==,CLOUD_BLOG_NETWORK,0
VwX/kqsCDmpqAeGUY2xoCGwAz3zti3OgJKlgUr5U9yNlsl+bsXuno7qvr7s77q/8,CLOUD_BLOG_NETWORK,0
ChP8lQhYe17B45tqxR0vb0+Cuol9UVEW1E5Cg2HGNSz1PAcB4GPCZEJ8Kb64Dl4U,CLOUD_BLOG_NETWORK,0
fclMm3xOVDQYDbAZS0upx9SJYhFvBjkFHgxJNrn4QnBjRXEeIIm5kA==,CLOUD_BLOG_NETWORK,0
GnlQxZ23G/6AIYZ+C4RYScf/uIIwJuXkxthrs3cQFv88IMbywkPh6WBTC9TS95Oq,CLOUD_BLOG_NETWORK,0
jyNICXn9ZZMp0+zUAy8LZifKPiEJ69L+UG2hU3SzSPwPxTbzFtIfFu29WFmPKBqE,CLOUD_BLOG_NETWORK,0
U5qXNM0bQHjSJYMBwNg9aSq7Q18+H/cFKsBeavStPurshBOPC7NmL/sHOmPE177f,CLOUD_BLOG_NETWORK,0
PMB7i2ko3PQFuUyiKEvjwPXozih8xQrm0YXMT8vNVp6a9GG6ShR5ww==,CLOUD_BLOG_NETWORK,0
A7+p//FeX4I801ATAb7SzbsybsQbEPjeC4SsLwz2RhfDFIDbOF3d2il6j0IIvCAc,CLOUD_BLOG_NETWORK,0
ADe9vvVc2db7P87PXqAKBBZJ7fMRW3tKNlsrREoohkpgZ0oh72WNRQ==,CLOUD_BLOG_NETWORK,0
0Dy1SKUfRm9d90CINPysFBBtPwutayYEI+1Z1xngQYMkjpQmhWi+mW2L61yAcJsO,CLOUD_BLOG_NETWORK,0
uh74UqY+6/59sj4FV9crpIvrFoc1Igt7QKhL8F1dZkNymUsGlniRTw==,CLOUD_BLOG_NETWORK,0
Zgz4VQCg2sdTV+1Qu2DmtHsmRdgFrbcEgVoTHkmzKOTpQ+HvEF3CeA==,CLOUD_BLOG_NETWORK,0
B+Fa5KJ8t++DGGS10gg2JQ34gmGTyuPJR4uT10EC+rKFgUU6URZrP/12CnQZnWXX,CLOUD_BLOG_NETWORK,0
Dh+ZKRDH5O4RP3UHvvu/b3A0VH9J9uL/8XVBRoFmMJyL64hDdmvK8g==,CLOUD_BLOG_NETWORK,0
ss6cI8S/G/h2tmXpUpKiRKY+Evb/I6zSiG30Bn/V4gmNQOBjM4xqUf0ew923Hhkw,CLOUD_BLOG_NETWORK,0
AOGccvmspKwZ/3l4tmbYZ/+Au2pfzc2VHkTaaDXyQR9kj0xY6QM9LQ==,CLOUD_BLOG_NETWORK,0
NF+ntBqoeKe6NCxN5J50xfDbthZ1vIzZrFqC9sp5LebWWKOFgtnq2adLjYkJ4ez1,CLOUD_BLOG_NETWORK,0
BtjbfEDJXH0WG0wviW2mM1+O7ZYlARBkghr3vZKkR5EOSdhoIePkTGImB4hUwVh6,CLOUD_BLOG_NETWORK,0
HS9T/ZXp5By1yjuOmJlOqdc4FyBTB0Udj/H51Mf9ELlpvlBtr9GcvQ==,CLOUD_BLOG_NETWORK,0
+xkEZ74g1OcL77JAL+e2QkDPCl0tqSXMzS5OB+YO3jEQ2A3FAsSWAutFcs54nIlx,CLOUD_BLOG_NETWORK,0
Sfpcifi8/m4WzOIE2VjAKQ37X1FvjzWTlqOeclTXaCz12qPh27JwDK0uV81x7Kpt,CLOUD_BLOG_NETWORK,0
iU6ULP5DRDmQLq6yuE2v7GkrfCcacQGX+kHdTp8Rzst6unW2tRe+EQ==,CLOUD_BLOG_NETWORK,0
Y4hGckvn8QH7rZU3p34Tc5w36ErM1ebk1oK2cNMmD3iG3D5eYmzCxR6xx9a8uAYe,CLOUD_BLOG_NETWORK,0
drawW1R9j65IlW0qh8FHess0dRITDmt5N33BShCNVaLYzrwtnLn3Rta3WW1ln1Wb,CLOUD_BLOG_NETWORK,0
6k6uuOZVnnj6CoL0o8gWu21sjKjHqqKk9JWW8BFQRZ3CXiHlZwtwTw==,CLOUD_BLOG_NETWORK,0
MXV36wkToFDDUcOeSh8UkBRXuZGtMhPCgQGpRpJWRoLuEzP8bdD6QNZJayd/gWTp,CLOUD_BLOG_NETWORK,0
ECLoOfNCdw0LWH+NBgvd3e6Im7lNnP5mxYV7gr6pOutnxl1Y38bUcHu1eNLq1v07,CLOUD_BLOG_NETWORK,0
xoopeSUVgHotM9TmJYxzA2S8pvG0+P8wRXJKBz7U6WnKEAJvD/WJ3M/hhrxUeoaO,CLOUD_BLOG_NETWORK,0
9/rd5T2yvk34yANTt4EGAiXMrF3IqXa6d1NofPXjkjzrcZnuoIrWN9Qyae6n12jR,CLOUD_BLOG_NETWORK,0
SUCskqXHiG1oy7Q1YzHPU5vtg8FRr5TtH5yK7+vRCn1A99MjwvZhoVbz0QS4FRd7,CLOUD_BLOG_NETWORK,0
qyJW/3p+d1FQJb5/oqj6pRQtTx4eyrhCOgXWBdQ94M9ju2xkUWjooK9aRv1EJLRg,CLOUD_BLOG_NETWORK,0
m+ctUtqljROwyk1DWpMuZW0aN8bK0WYxMKWbr56PPIS1aHDF9Pb63ckRdpruicu0,CLOUD_BLOG_NETWORK,0
wDWn4XbKExB9Ynhn2HV90BGfptxFnw51MaZihFzZTe9htxDHbLKepQ==,CLOUD_BLOG_NETWORK,0
lr9ZCCqerxreDlh+30SjhLqiVMrG2TpZjuHpbtJ4NiqpbhIaQiFOmemOSTbi5RGS,CLOUD_BLOG_NETWORK,0
0nTthxt6HlVjao9dgRpGRomkEbzNv52W/MOsjzoGVY6NKuem4pDfETBt9Rk/J2qb,CLOUD_BLOG_NETWORK,0
8TbTxIfrXSW7NGeJwL/rQQChQfXnF93Wv1yNkzwmOad4EriZzT1zfA==,CLOUD_BLOG_NETWORK,0
AkqNPCncgeuPhjOcTLkL8wF7ihw+wG6Mo5Iya7mRNT6n/ljyNjKVgQ==,CLOUD_BLOG_NETWORK,0
ETHh1W8nPslPh3KwYOIBhhbwxcNmjVS/VEozM0dV0QAjbG7My/DElB9fUW1m93as,CLOUD_BLOG_NETWORK,0
ZMxMHc9fLEehTEYB3vZBJrMKJQX9pOFTxMfr/1/39Eie3AH/H58C+Q==,CLOUD_BLOG_NETWORK,0
hhCk8I87Dwbig6Ijs9R1XhYzEH8TjChT3QbvhNAOoEUIArB3i0PbYA==,CLOUD_BLOG_NETWORK,0
SmMVx3THgl/19LOdpzGqMvL/0JbPn6qC1MLuytdwZPQb/8sO2Gh4eQ==,CLOUD_BLOG_NETWORK,0
sOlMSUPpQVHJy0kI3TKj1MLx+VnuO0zGPdkdblb7ANQNBuVbUIGbVvsmYbDjY9BC,CLOUD_BLOG_NETWORK,0
5Cbw0icOoLx07HAwhtIysBTElHdtWMiz3Cyd7J8B+P1zYXweKVlt+BZ2LSLGR63b,CLOUD_BLOG_NETWORK,0
dpJDxNqfu04g6ote8JwgFkAL3E+Q9SxBOXUnhlSHn95/lVy8D9+bE8bDV/jB7WPj,CLOUD_BLOG_NETWORK,0
4eZAK3iapc0O9yVEmIl3tTUGv+EVDfDsE9sLAFGSyzCO/nwK4Sg1Wza3ZlguBmNd,CLOUD_BLOG_NETWORK,0
948p9wIPdD6GkLP9onQOniu+k92tvN4Hb8Ens/gTwLIJpr+hWFZEhc27ji5piyuD,CLOUD_BLOG_NETWORK,0
fcO2pcX/3V8taK0OHYIU+dcdTdUdYETtuZlQ8eZDesrFkx4xUGNApQ==,CLOUD_BLOG_NETWORK,0
/coKCapK8uqbiH52uVtlB4GDvEFWwuHBhsEBbgXWerMN60dlvjrNUPfsQ+IjEVZw,CLOUD_BLOG_NETWORK,0
eb2koup/saltoA6Hs+U8Eqp5Kc0/YjYlExwquecprfOIXy1h+VwLbIRwnS95svv+,CLOUD_BLOG_NETWORK,0
z2Yf5sGd6dWvkVW17N9/bjIvAFmDN1+fEk727LzVLfaCaN3UjOd1UGqIhwm7EBAd,CLOUD_BLOG_NETWORK,0
d/fAjXcds94TdxWQ4A4KmxXHWVRtxZHklQnm4Omo0j0JXtC7NnU/0kDGP3q/bB6V,CLOUD_BLOG_NETWORK,0
OclLlgnVwC6OefJxCEwpwkbjqjoyh4FmaWjTQqA8uX2lnYtPhfGHANHGsJE5nN0W,CLOUD_BLOG_NETWORK,0
2FLwReiYZJhtTOncpZeiXFpanvmBMoH+fuXi/aYs9ot8ZPIpMojwEnKLwjoZfqdG,CLOUD_BLOG_NETWORK,0
HhQFuZnnq0qMYYYxeWkyA7M2DeVGL1kaxsJTDucIAPlYPp3UIH87LIjgZRi47M5l,CLOUD_BLOG_NETWORK,0
HL3tiIxv9XsgbCzuWCKUBmFfJ1bgwASkcexDu+mXD4+V+pyILAV+ZFvjeGqtOSy9,CLOUD_BLOG_NETWORK,0
PJDBeveeXnWaxl50zfnPXNvR+M43weKGXRs1XIvKOVTy2oig8d9Bv3Pn0SEa23aQ,CLOUD_BLOG_NETWORK,0
lHr17o9GB0GcFC9IjodABTGqkFWS2rJY8b3FsJ8t4E5J2+7gOQtlX63B96dI7Rlu,CLOUD_BLOG_NETWORK,0
OoW+bo/SAhoA7+hocxCG/Sb8kGFx6ON3nIdwPVI8E/GXnx7ISJ1FUMhKSU++90Be,CLOUD_BLOG_NETWORK,0
/zEN2Y+bKW8x6ApnnYCfVI07OaH9fngaBP/ct4cOzJtfErJ0nLzezA==,CLOUD_BLOG_NETWORK,0
SW2aJJ2e5WJZI925/jSgf219KUKupdWLwd0tO4kyfegMOTq+vINZLw==,CLOUD_BLOG_NETWORK,0
9NPUPXr4Qg/EJYlpG4fBnwhWr3dQms+npSJCvvml7FD50I+1qtsXrA==,CLOUD_BLOG_NETWORK,0
lpVtXD03RW1SUrAZDQmGZcT7PRkXdng+6ZUYf1Bt9lyl1kcwLVwKTg==,CLOUD_BLOG_NETWORK,0
pHVCtpUwYE5LAlI4VHKZXVbx6ewCFVHHr5RR1tfdCue2p/cuXtWJhlGt45hATucU,CLOUD_BLOG_NETWORK,0
ljNxn6TKHatl7l4pDq6VfSUH/dfit9wkNs4P+wwaholKu+RMx/lM0CREvnQ0ey8i,CLOUD_BLOG_NETWORK,0
kgTyFF7D9ZTXVx+M/Oli3ZYgxPsVM4zd6qXdVJh+BhftBm+qTFuonhxVGZ5MMZK9,CLOUD_BLOG_NETWORK,0
A03IQ6a1hrmWXsHVZd0iL7EnbmcCPxpD5uNUkObJ71IbGuut5RnkB8ixb6qYDe5d,CLOUD_BLOG_NETWORK,0
ipF3fnhFPR4TpsmLeRKaqc0Kl3RbUETOm7Z6YEze+SYJGEgLs0+yzStyQhbkKdhS,CLOUD_BLOG_NETWORK,0
cUf4vLOOT/B79/l73lWYo+d/PvqpAIHLk2rCIPE/AZRuF0Hc+tBXnFUnE+AOjiK2,CLOUD_BLOG_NETWORK,0
HNTqCsXDBmOYHjhjlILwDUiGFSvG/3srlhmSTlMZDFdjXfWs0f2r7g==,CLOUD_BLOG_NETWORK,0
EgWo+zHVJcPcRuM4EVYmjIwKu5kwHg+weZ5y2nKx++cH+6dQjY036cQbKOyiWlfg,CLOUD_BLOG_NETWORK,0
vP+YuPlxJOqB00r1Sbh+8tosyFoEaf3SpOJTBMwnblftd4bn7pGQrqh6+E60BiOJ,CLOUD_BLOG_NETWORK,0
umlVkGoyxB5Mp6M06jngL7xVwiAT21N36SsELQJACon47VIO6iH6zbmVI1m9pGHl,CLOUD_BLOG_NETWORK,0